{"cameraMode":{"drawMode":0,"name":"Shaded","section":"Shading Mode"},"sceneLighting":false,"audioPlay":false,"sceneViewState":{"m_AlwaysRefresh":false,"showFog":true,"showSkybox":false,"showFlares":true,"showImageEffects":true,"showParticleSystems":true,"showVisualEffectGraphs":true,"m_FxEnabled":true},"in2DMode":false,"pivot":{"x":0.028568148612976075,"y":0.5810121297836304,"z":-0.01099926233291626},"rotation":{"x":0.7864245176315308,"y":-0.015741106122732164,"z":0.02005842514336109,"w":0.6171793341636658},"size":1.4511774778366089,"orthographic":false}