{"cameraMode":{"drawMode":0,"name":"Shaded","section":"Shading Mode"},"sceneLighting":false,"audioPlay":false,"sceneViewState":{"m_AlwaysRefresh":false,"showFog":true,"showSkybox":false,"showFlares":true,"showImageEffects":true,"showParticleSystems":true,"showVisualEffectGraphs":true,"m_FxEnabled":true},"in2DMode":false,"pivot":{"x":0.1336873173713684,"y":0.25999996066093447,"z":2.950679302215576},"rotation":{"x":-0.006268893368542194,"y":0.9218011498451233,"z":-0.3873535692691803,"w":-0.014936534687876702},"size":0.6803089380264282,"orthographic":false}