{"cameraMode":{"drawMode":0,"name":"Shaded","section":"Shading Mode"},"sceneLighting":false,"audioPlay":false,"sceneViewState":{"m_AlwaysRefresh":false,"showFog":true,"showSkybox":false,"showFlares":true,"showImageEffects":true,"showParticleSystems":true,"showVisualEffectGraphs":true,"m_FxEnabled":true},"in2DMode":false,"pivot":{"x":-11.323526382446289,"y":-5.495439052581787,"z":7.287172317504883},"rotation":{"x":0.8858494758605957,"y":0.004175038076937199,"z":-0.007972787134349347,"w":0.4638861119747162},"size":2.857659339904785,"orthographic":false}