{"cameraMode":{"drawMode":0,"name":"Shaded","section":"Shading Mode"},"sceneLighting":false,"audioPlay":false,"sceneViewState":{"m_AlwaysRefresh":false,"showFog":true,"showSkybox":false,"showFlares":true,"showImageEffects":true,"showParticleSystems":true,"showVisualEffectGraphs":true,"m_FxEnabled":true},"in2DMode":false,"pivot":{"x":395.6481628417969,"y":261.7446594238281,"z":-199.40585327148438},"rotation":{"x":0.021894585341215135,"y":0.013496237806975842,"z":-0.0002957842079922557,"w":0.9996730089187622},"size":1029.81201171875,"orthographic":false}