{"cameraMode":{"drawMode":0,"name":"Shaded","section":"Shading Mode"},"sceneLighting":false,"audioPlay":false,"sceneViewState":{"m_AlwaysRefresh":false,"showFog":true,"showSkybox":false,"showFlares":true,"showImageEffects":true,"showParticleSystems":true,"showVisualEffectGraphs":true,"m_FxEnabled":true},"in2DMode":false,"pivot":{"x":-4.832499980926514,"y":-2.550386428833008,"z":1.3678112030029297},"rotation":{"x":0.8519368171691895,"y":0.010401701554656029,"z":-0.007696105632930994,"w":0.5238989591598511},"size":11.327765464782715,"orthographic":false}