{"cameraMode":{"drawMode":0,"name":"Shaded","section":"Shading Mode"},"sceneLighting":false,"audioPlay":false,"sceneViewState":{"m_AlwaysRefresh":false,"showFog":true,"showSkybox":true,"showFlares":true,"showImageEffects":true,"showParticleSystems":true,"showVisualEffectGraphs":true,"m_FxEnabled":true},"in2DMode":false,"pivot":{"x":1531.7548828125,"y":557.5091552734375,"z":-24.823211669921876},"rotation":{"x":0.024557292461395265,"y":0.017826950177550317,"z":-0.002558997832238674,"w":0.9996899366378784},"size":720.9253540039063,"orthographic":false}