{"cameraMode":{"drawMode":0,"name":"Shaded","section":"Shading Mode"},"sceneLighting":false,"audioPlay":false,"sceneViewState":{"m_AlwaysRefresh":false,"showFog":true,"showSkybox":true,"showFlares":true,"showImageEffects":true,"showParticleSystems":true,"showVisualEffectGraphs":true,"m_FxEnabled":true},"in2DMode":false,"pivot":{"x":-6.157748222351074,"y":-2.9450721740722658,"z":14.36086654663086},"rotation":{"x":0.998781144618988,"y":0.00016544161189813167,"z":-0.049483511596918109,"w":0.003893653629347682},"size":21.053630828857423,"orthographic":false}