{"cameraMode":{"drawMode":0,"name":"Shaded","section":"Shading Mode"},"sceneLighting":false,"audioPlay":false,"sceneViewState":{"m_AlwaysRefresh":false,"showFog":true,"showSkybox":true,"showFlares":true,"showImageEffects":true,"showParticleSystems":true,"showVisualEffectGraphs":true,"m_FxEnabled":true},"in2DMode":false,"pivot":{"x":-1.3957370519638062,"y":0.9848532676696777,"z":0.953192949295044},"rotation":{"x":0.22071093320846559,"y":0.05556178838014603,"z":-0.012615879066288472,"w":0.9737335443496704},"size":2.4758663177490236,"orthographic":true}