{"cameraMode":{"drawMode":0,"name":"Shaded","section":"Shading Mode"},"sceneLighting":false,"audioPlay":false,"sceneViewState":{"m_AlwaysRefresh":false,"showFog":true,"showSkybox":true,"showFlares":true,"showImageEffects":true,"showParticleSystems":true,"showVisualEffectGraphs":true,"m_FxEnabled":true},"in2DMode":false,"pivot":{"x":-3.7522659301757814,"y":-0.9027223587036133,"z":0.6134271621704102},"rotation":{"x":0.8517216444015503,"y":-0.027397356927394868,"z":0.04475647211074829,"w":0.5213704109191895},"size":7.55449104309082,"orthographic":false}