{"cameraMode":{"drawMode":0,"name":"Shaded","section":"Shading Mode"},"sceneLighting":false,"audioPlay":false,"sceneViewState":{"m_AlwaysRefresh":false,"showFog":true,"showSkybox":true,"showFlares":true,"showImageEffects":true,"showParticleSystems":true,"showVisualEffectGraphs":true,"m_FxEnabled":true},"in2DMode":false,"pivot":{"x":368.2391052246094,"y":306.5250244140625,"z":-9.897689819335938},"rotation":{"x":0.038114119321107867,"y":-0.010626263916492463,"z":-0.0016115368343889714,"w":0.9993563890457153},"size":485.88604736328127,"orthographic":false}