{"cameraMode":{"drawMode":0,"name":"Shaded","section":"Shading Mode"},"sceneLighting":false,"audioPlay":false,"sceneViewState":{"m_AlwaysRefresh":false,"showFog":true,"showSkybox":false,"showFlares":true,"showImageEffects":true,"showParticleSystems":true,"showVisualEffectGraphs":true,"m_FxEnabled":true},"in2DMode":false,"pivot":{"x":3.1500000953674318,"y":3.009999990463257,"z":-0.11109998822212219},"rotation":{"x":0.9206686019897461,"y":-0.018608657643198968,"z":0.04422978311777115,"w":0.3875163495540619},"size":3.170682191848755,"orthographic":false}