{"cameraMode":{"drawMode":0,"name":"Shaded","section":"Shading Mode"},"sceneLighting":false,"audioPlay":false,"sceneViewState":{"m_AlwaysRefresh":false,"showFog":true,"showSkybox":false,"showFlares":true,"showImageEffects":true,"showParticleSystems":true,"showVisualEffectGraphs":true,"m_FxEnabled":true},"in2DMode":false,"pivot":{"x":0.025304198265075685,"y":0.9582508206367493,"z":-0.12251847982406616},"rotation":{"x":0.321077823638916,"y":-0.07376865297555924,"z":0.025099806487560273,"w":0.9438550472259522},"size":1.3975483179092408,"orthographic":false}