{"cameraMode":{"drawMode":0,"name":"Shaded","section":"Shading Mode"},"sceneLighting":false,"audioPlay":false,"sceneViewState":{"m_AlwaysRefresh":false,"showFog":true,"showSkybox":false,"showFlares":true,"showImageEffects":true,"showParticleSystems":true,"showVisualEffectGraphs":true,"m_FxEnabled":true},"in2DMode":false,"pivot":{"x":-0.07966096699237824,"y":-0.5062891244888306,"z":1.542350172996521},"rotation":{"x":-0.25977426767349245,"y":-0.011590070091187954,"z":0.0031077719759196045,"w":-0.9656053185462952},"size":0.8660253882408142,"orthographic":false}