{"cameraMode":{"drawMode":0,"name":"Shaded","section":"Shading Mode"},"sceneLighting":false,"audioPlay":false,"sceneViewState":{"m_AlwaysRefresh":false,"showFog":true,"showSkybox":false,"showFlares":true,"showImageEffects":true,"showParticleSystems":true,"showVisualEffectGraphs":true,"m_FxEnabled":true},"in2DMode":false,"pivot":{"x":1.747182011604309,"y":0.7300000190734863,"z":0.6055295467376709},"rotation":{"x":0.9036333560943604,"y":-0.004356257151812315,"z":0.42827898263931277,"w":0.020510371774435045},"size":0.9567862153053284,"orthographic":false}